membership_id,name,first_name,last_name,email,date_of_birth,dob_final_str,mobile_no,above_18
smith_c7677,Patty Smith,Patty,Smith,Patty_Smith@ross.com,27-08-1975,19750827,59428759,True
wang_04168,Sean Wang DDS,Sean,Wang,Sean_Wang@gibson-calderon.com,1960-03-11,19600311,25595367,True
estrada_0bf5b,Richard Estrada,Richard,Estrada,Richard_Estrada@malone.com,1992/10/15,19921015,22821527,True
cline_825fb,Jackson Cline,Jackson,Cline,Jackson_Cline@hudson.net,1971-01-21,19710121,48056519,True
williams_3e726,Allen Williams,Allen,Williams,Allen_Williams@sanchez.net,1997/11/09,19971109,77991519,True
flores_8a42c,Eric Flores,Eric,Flores,Eric_Flores@dillon-patterson.com,01-07-1982,19820701,36641663,True
richardson_ef158,Anna Richardson,Anna,Richardson,Anna_Richardson@perry.com,1967-02-23,19670223,64083047,True
gomez_876bf,Taylor Gomez,Taylor,Gomez,Taylor_Gomez@johnston.com,1982-10-22,19821022,24007567,True
rodriguez_93ac7,Jeremy Rodriguez,Jeremy,Rodriguez,Jeremy_Rodriguez@roth.com,1978-08-28,19780828,32567967,True
garcia_26b55,April Garcia,April,Garcia,April_Garcia@hall.com,1987-12-31,19871231,24650447,True
garza_40199,Sharon Garza,Sharon,Garza,Sharon_Garza@duran.com,30-08-2002,20020830,59411567,True
sanchez_364a7,Lori Sanchez,Lori,Sanchez,Lori_Sanchez@hardin-warner.net,1998/04/20,19980420,76989167,True
armstrong_e2fb8,Jason Armstrong,Jason,Armstrong,Jason_Armstrong@curtis.com,1992-11-16,19921116,68514503,True
allison_0c21b,Jessica Allison,Jessica,Allison,Jessica_Allison@harper.com,1972/10/30,19721030,66821135,True
hall_b302a,Arthur Hall MD,Arthur,Hall,Arthur_Hall@gonzalez.com,03-11-1994,19941103,65493407,True
meza_af7be,Sherry Meza,Sherry,Meza,Sherry_Meza@west.com,04-09-1997,19970904,33491119,True
turner_0303a,Matthew Turner,Matthew,Turner,Matthew_Turner@martinez.com,1994/07/07,19940707,73291455,True
randolph_76c7a,Sophia Randolph,Sophia,Randolph,Sophia_Randolph@leonard-ramirez.com,1950-08-07,19500807,94510479,True
thompson_16040,Dr. Samuel Thompson,Samuel,Thompson,Samuel_Thompson@sanchez-carroll.com,03-04-1984,19840403,99063183,True
lee_76cce,Zachary Lee,Zachary,Lee,Zachary_Lee@smith.com,1987/07/04,19870704,36447751,True
pittman_44c4d,Kara Pittman,Kara,Pittman,Kara_Pittman@gomez-vaughn.com,25-05-1968,19680525,80502567,True
anthony_ebd30,Gabriella Anthony,Gabriella,Anthony,Gabriella_Anthony@castro.com,1997-01-06,19970106,89108943,True
cantrell_b19eb,Misty Cantrell,Misty,Cantrell,Misty_Cantrell@flores-decker.com,1957-03-03,19570303,79619831,True
guerrero_d55cb,Kelly Guerrero,Kelly,Guerrero,Kelly_Guerrero@riggs.com,1997/02/03,19970203,53052583,True
nichols_9226a,David Nichols,David,Nichols,David_Nichols@rocha.com,19-08-1962,19620819,62269575,True
galloway_1a4d2,Shawn Galloway,Shawn,Galloway,Shawn_Galloway@johnston.com,1985/04/19,19850419,17471367,True
sanford_c7e24,Dennis Sanford,Dennis,Sanford,Dennis_Sanford@lopez-archer.com,1980/08/06,19800806,88084407,True
murphy_0851c,Amanda Murphy,Amanda,Murphy,Amanda_Murphy@bright-gibbs.net,2000/07/30,20000730,30501351,True
martin_35f44,Bobby Martin,Bobby,Martin,Bobby_Martin@jackson.com,31-03-2000,20000331,43871143,True
bishop_b0506,Vernon Bishop,Vernon,Bishop,Vernon_Bishop@clark-larson.com,1973/07/10,19730710,78396487,True
meyers_2871d,Phillip Meyers,Phillip,Meyers,Phillip_Meyers@mcneil-williams.com,22-10-1960,19601022,95409119,True
martin_6f48d,Robert Martin,Robert,Martin,Robert_Martin@crawford.com,18-07-1950,19500718,78547615,True
taylor_4fbc5,William Taylor,William,Taylor,William_Taylor@warner-morgan.net,1986-01-31,19860131,42996791,True
brady_bd431,Michael Brady,Michael,Brady,Michael_Brady@wells-sanders.com,1950-03-23,19500323,65342263,True
rhodes_df266,James Rhodes,James,Rhodes,James_Rhodes@green.com,10-10-1977,19771010,27465295,True
ramirez_5ff32,Ryan Ramirez,Ryan,Ramirez,Ryan_Ramirez@pham.com,25-04-1985,19850425,67907071,True
thompson_52cd0,Stephen Thompson,Stephen,Thompson,Stephen_Thompson@hess.com,1951/11/12,19511112,75033031,True
williams_446e0,Susan Williams,Susan,Williams,Susan_Williams@rowland.com,12-05-1976,19760512,95688383,True
johnson_d53b7,Dylan Johnson,Dylan,Johnson,Dylan_Johnson@montgomery.com,1996/01/07,19960107,52048815,True
king_01148,Pamela King,Pamela,King,Pamela_King@soto.net,1993/09/29,19930929,72515095,True
smith_634dd,Robert Smith,Robert,Smith,Robert_Smith@joyce.com,1987-04-24,19870424,76366335,True
gonzalez_31e9a,Samantha Gonzalez,Samantha,Gonzalez,Samantha_Gonzalez@rios-fletcher.com,1998/08/29,19980829,40456647,True
walker_ba5b7,Jeffery Walker,Jeffery,Walker,Jeffery_Walker@watson.com,1956-06-24,19560624,46574799,True
alvarez_7bc5d,Todd Alvarez,Todd,Alvarez,Todd_Alvarez@vaughn.com,25-11-1974,19741125,42011263,True
willis_d0046,Brett Willis,Brett,Willis,Brett_Willis@gibbs.com,1961-09-08,19610908,86342007,True
wilkins_48a0a,Kristin Wilkins,Kristin,Wilkins,Kristin_Wilkins@harvey.com,2002/05/11,20020511,84393855,True
lynch_49515,Joshua Lynch,Joshua,Lynch,Joshua_Lynch@daniels.com,26-05-1965,19650526,71572839,True
williams_e69d3,Deborah Williams,Deborah,Williams,Deborah_Williams@howard.com,1984/11/21,19841121,11357647,True
martin_0575d,Timothy Martin,Timothy,Martin,Timothy_Martin@camacho-sparks.net,05-01-2003,20030105,92008191,True
bright_776f9,Sarah Bright,Sarah,Bright,Sarah_Bright@winters.com,15-11-1998,19981115,24327743,True
anderson_48071,Rebecca Anderson,Rebecca,Anderson,Rebecca_Anderson@carter-ramirez.com,1973/08/27,19730827,27023231,True
frost_5ba4a,Roger Frost,Roger,Frost,Roger_Frost@cole-robinson.com,17-02-1970,19700217,94120431,True
dunn_ae8e6,Eric Dunn,Eric,Dunn,Eric_Dunn@reese.com,12-07-1960,19600712,13714207,True
pierce_1096d,Heather Pierce,Heather,Pierce,Heather_Pierce@williams-edwards.com,1957/08/13,19570813,32413999,True
erickson_6b984,Jordan Erickson,Jordan,Erickson,Jordan_Erickson@martinez.com,1975-08-02,19750802,64756655,True
ali_f361f,Susan Ali,Susan,Ali,Susan_Ali@leach.com,1999-01-05,19990105,74229143,True
wilson_f0626,Richard Wilson,Richard,Wilson,Richard_Wilson@hernandez.com,1999-07-03,19990703,36349175,True
butler_a60e8,Jon Butler,Jon,Butler,Jon_Butler@blackwell.com,1987/03/18,19870318,78121695,True
phillips_01acd,Paul Phillips,Paul,Phillips,Paul_Phillips@vance.com,1997/02/16,19970216,11213063,True
parker_5ebc0,Adam Parker,Adam,Parker,Adam_Parker@yoder.com,22-07-1998,19980722,27783391,True
walker_a21be,Cory Walker,Cory,Walker,Cory_Walker@torres.net,1962-12-08,19621208,37614935,True
sanchez_cf3c9,Jeffrey Sanchez,Jeffrey,Sanchez,Jeffrey_Sanchez@jones-butler.com,14-09-1995,19950914,73226919,True
martin_7bf56,Bianca Martin,Bianca,Martin,Bianca_Martin@mitchell.com,1978/02/05,19780205,86924127,True
king_2f8a4,Jeffrey King,Jeffrey,King,Jeffrey_King@hicks-boyd.com,1977/06/23,19770623,68622991,True
wiggins_c46e0,Melanie Wiggins,Melanie,Wiggins,Melanie_Wiggins@mcdonald-rice.com,2000/02/14,20000214,91699615,True
smith_e0b77,Mr. Daniel Smith,Daniel,Smith,Daniel_Smith@cummings.com,1986-03-08,19860308,26613823,True
lawrence_fbccd,Scott Lawrence,Scott,Lawrence,Scott_Lawrence@aguilar.com,1976-01-04,19760104,59217375,True
sosa_8de3e,James Sosa,James,Sosa,James_Sosa@robles-hawkins.com,08-11-1957,19571108,47053447,True
jackson_b5943,Jamie Jackson,Jamie,Jackson,Jamie_Jackson@carr.com,26-05-1977,19770526,71512687,True
hatfield_bf691,Jeffrey Hatfield,Jeffrey,Hatfield,Jeffrey_Hatfield@morgan-erickson.com,1970-10-14,19701014,69441735,True
phillips_c68d2,James Phillips,James,Phillips,James_Phillips@green-taylor.com,1961-10-19,19611019,89808183,True
moore_6e3b7,Jessica Moore,Jessica,Moore,Jessica_Moore@harrison-bautista.com,09-05-1999,19990509,27155335,True
anderson_6c12a,Richard Anderson,Richard,Anderson,Richard_Anderson@peck-franklin.com,1970-04-05,19700405,24730327,True
hahn_38908,Lauren Hahn,Lauren,Hahn,Lauren_Hahn@simmons.com,1972-06-20,19720620,15132727,True
edwards_96edd,Faith Edwards,Faith,Edwards,Faith_Edwards@price.net,1977-07-26,19770726,44653063,True
vargas_0365e,Laura Vargas,Laura,Vargas,Laura_Vargas@gallagher-young.com,09-10-1977,19771009,40816943,True
lewis_f236b,Sarah Lewis,Sarah,Lewis,Sarah_Lewis@wyatt.com,1981-02-25,19810225,37945839,True
huff_88806,Brad Huff,Brad,Huff,Brad_Huff@moore.com,1961-12-27,19611227,28207575,True
richardson_e102e,Alexander Richardson,Alexander,Richardson,Alexander_Richardson@perez.com,25-10-1958,19581025,34675335,True
moore_4788f,Matthew Moore,Matthew,Moore,Matthew_Moore@nichols.com,2003/07/07,20030707,66391671,True
howard_99bdb,Joseph Howard,Joseph,Howard,Joseph_Howard@williams.com,1952/07/26,19520726,46746383,True
richards_9e514,Anne Richards,Anne,Richards,Anne_Richards@mccarthy.com,06-09-1969,19690906,84963423,True
thomas_a6b2a,Derek Thomas,Derek,Thomas,Derek_Thomas@green.com,1964-07-24,19640724,37329863,True
bonilla_07c60,Joseph Bonilla,Joseph,Bonilla,Joseph_Bonilla@freeman.com,1974/05/08,19740508,66912183,True
barber_8e448,Gary Barber,Gary,Barber,Gary_Barber@roberts.net,1955/11/12,19551112,44790343,True
johnson_01409,Brian Johnson,Brian,Johnson,Brian_Johnson@carr.com,1981/06/17,19810617,76631695,True
peterson_d3043,Christine Peterson,Christine,Peterson,Christine_Peterson@hamilton.com,19-11-1974,19741119,57627175,True
bautista_f2b74,Christopher Bautista,Christopher,Bautista,Christopher_Bautista@rodgers.com,02-12-1994,19941202,48834663,True
krueger_f41b0,Barbara Krueger,Barbara,Krueger,Barbara_Krueger@strong.com,1952/03/22,19520322,30905343,True
oconnor_efac7,Monica Oconnor,Monica,Oconnor,Monica_Oconnor@gordon.com,01-07-1980,19800701,97887295,True
johnson_317e0,Peggy Johnson,Peggy,Johnson,Peggy_Johnson@berg.com,28-03-1972,19720328,34795631,True
herrera_2275e,Susan Herrera,Susan,Herrera,Susan_Herrera@gomez.com,1955/08/26,19550826,24027735,True
matthews_33105,Andrew Matthews,Andrew,Matthews,Andrew_Matthews@ramos-vaughn.com,1988-02-19,19880219,90821359,True
kennedy_e1e07,Erin Kennedy,Erin,Kennedy,Erin_Kennedy@hendricks-mason.com,1965/01/09,19650109,35865639,True
lopez_ad64b,Jason Lopez,Jason,Lopez,Jason_Lopez@wood-hill.com,30-08-1974,19740830,11287127,True
clark_850e2,Jerry Clark,Jerry,Clark,Jerry_Clark@perez.com,28-09-1995,19950928,46859655,True
kim_bc531,Alyssa Kim,Alyssa,Kim,Alyssa_Kim@beck-zuniga.com,11-08-1990,19900811,59732335,True
williams_225d6,Courtney Williams,Courtney,Williams,Courtney_Williams@garner.com,1999-09-19,19990919,27598999,True
nelson_49b51,Matthew Nelson,Matthew,Nelson,Matthew_Nelson@hunt.com,1958-01-27,19580127,45515247,True
moore_bd6b1,Robert Moore,Robert,Moore,Robert_Moore@young.com,1955-04-15,19550415,19512199,True
mcgee_84007,Nicole Mcgee,Nicole,Mcgee,Nicole_Mcgee@reyes.com,1959/03/03,19590303,34539135,True
hunter_c76d0,Danielle Hunter,Danielle,Hunter,Danielle_Hunter@ballard.com,1971/08/11,19710811,99947039,True
perez_016c7,Kelly Perez,Kelly,Perez,Kelly_Perez@ward-wilson.com,1960-05-19,19600519,60614735,True
odom_e8796,Mary Odom,Mary,Odom,Mary_Odom@morgan-reynolds.com,1963-08-13,19630813,98738367,True
gibson ii_a7c50,Arthur Gibson II,Arthur,Gibson II,Arthur_Gibson@thompson-thompson.com,03-06-1961,19610603,75411807,True
miller_5a80b,Christopher Miller,Christopher,Miller,Christopher_Miller@kelly.com,1985-01-31,19850131,16222031,True
hopkins_7c2f6,Amber Hopkins,Amber,Hopkins,Amber_Hopkins@hall.com,1975-08-31,19750831,15289039,True
garcia_76b84,Nancy Garcia,Nancy,Garcia,Nancy_Garcia@lewis-hayden.com,1968-03-05,19680305,62971303,True
rhodes_a5121,Alex Rhodes,Alex,Rhodes,Alex_Rhodes@russell.net,1978/09/13,19780913,75808519,True
bennett_1ed65,Daniel Bennett,Daniel,Bennett,Daniel_Bennett@stephens-oneill.com,1973/02/28,19730228,20776023,True
woodard_0dee6,Kevin Woodard,Kevin,Woodard,Kevin_Woodard@lynch.com,1955/08/09,19550809,30319911,True
peterson_9e709,Alan Peterson,Alan,Peterson,Alan_Peterson@burch.com,1976-01-29,19760129,88993663,True
grant_46694,Jacob Grant,Jacob,Grant,Jacob_Grant@cummings.com,1991-12-04,19911204,94196575,True
johnson_fcba1,Gabrielle Johnson,Gabrielle,Johnson,Gabrielle_Johnson@serrano.com,06-10-1958,19581006,35424207,True
morales_0598c,Caleb Morales,Caleb,Morales,Caleb_Morales@collins.com,1966-03-29,19660329,69459679,True
dominguez_e2663,James Dominguez,James,Dominguez,James_Dominguez@black.com,1988-12-05,19881205,49527207,True
cardenas_35ae4,Kathryn Cardenas,Kathryn,Cardenas,Kathryn_Cardenas@skinner.com,1983-05-08,19830508,81016239,True
santiago_5cbec,Jeffrey Santiago,Jeffrey,Santiago,Jeffrey_Santiago@duncan.com,1975-02-28,19750228,93827623,True
mclaughlin_b2423,Andrew Mclaughlin,Andrew,Mclaughlin,Andrew_Mclaughlin@fitzpatrick-lucas.com,1973/05/14,19730514,66417719,True
porter_e9e42,Mr. Bryan Porter,Bryan,Porter,Bryan_Porter@elliott.com,1957/02/14,19570214,88089671,True
smith_750a9,Brendan Smith,Brendan,Smith,Brendan_Smith@williams.com,1958/05/16,19580516,67839775,True
hernandez_f3251,Jeffrey Hernandez,Jeffrey,Hernandez,Jeffrey_Hernandez@mcdaniel.com,1989/12/31,19891231,76263607,True
miller_375ad,Michael Miller,Michael,Miller,Michael_Miller@taylor-moore.com,20-05-1964,19640520,17581687,True
newman_069d1,Theresa Newman,Theresa,Newman,Theresa_Newman@perry-scott.com,1994-11-29,19941129,36575799,True
romero_7ffde,Paul Romero,Paul,Romero,Paul_Romero@middleton-jones.com,1960/10/07,19601007,98843943,True
choi_e37de,Janet Choi MD,Janet,Choi,Janet_Choi@neal.com,1986/07/18,19860718,66675695,True
bender_b8ade,Mark Bender,Mark,Bender,Mark_Bender@oneal-wilkins.com,1969-09-11,19690911,27354911,True
brown_b08b0,Abigail Brown,Abigail,Brown,Abigail_Brown@jones-underwood.com,08-10-1980,19801008,15726143,True
dominguez_821d7,Antonio Dominguez,Antonio,Dominguez,Antonio_Dominguez@nichols.com,15-11-1980,19801115,75861007,True
morris_1057d,Tony Morris,Tony,Morris,Tony_Morris@davis.com,1970-08-05,19700805,33280551,True
carlson_d8db2,Randy Carlson,Randy,Carlson,Randy_Carlson@rivera.com,30-05-1955,19550530,51211679,True
pierce_7e42c,Mitchell Pierce,Mitchell,Pierce,Mitchell_Pierce@houston-conway.net,2001-08-24,20010824,96845551,True
west_0afba,Angela West,Angela,West,Angela_West@anderson-fitzgerald.com,1981-04-27,19810427,59397207,True
peters_c9aea,Kevin Peters,Kevin,Peters,Kevin_Peters@edwards.com,06-02-1967,19670206,28855487,True
conway_b14b9,Benjamin Conway,Benjamin,Conway,Benjamin_Conway@burton-paul.com,1955/12/28,19551228,23338319,True
stewart_5a9fe,Andrew Stewart,Andrew,Stewart,Andrew_Stewart@wong.com,12-02-1951,19510212,19799879,True
jones_e27fe,Brenda Jones,Brenda,Jones,Brenda_Jones@lang.com,1955/08/04,19550804,62608823,True
bailey_5c8a5,Elizabeth Bailey,Elizabeth,Bailey,Elizabeth_Bailey@stephenson-arnold.com,1963-01-01,19630101,20218071,True
levy_b4299,Kelly Levy,Kelly,Levy,Kelly_Levy@barajas.com,08-05-1994,19940508,74468255,True
burton_e624b,Thomas Burton,Thomas,Burton,Thomas_Burton@dunn-avery.net,1975-04-19,19750419,14613071,True
peterson_c41f4,Paul Peterson,Paul,Peterson,Paul_Peterson@bullock.com,2002/12/25,20021225,59148863,True
reilly_1c829,Michael Reilly,Michael,Reilly,Michael_Reilly@cooper.net,1972/05/14,19720514,33876967,True
martinez_d6f6b,Alejandra Martinez,Alejandra,Martinez,Alejandra_Martinez@jones.com,21-12-1979,19791221,87381327,True
sanders_e813f,Timothy Sanders,Timothy,Sanders,Timothy_Sanders@harrell.com,1952-10-03,19521003,63453583,True
little_c16bd,Latoya Little,Latoya,Little,Latoya_Little@martinez.com,07-08-1978,19780807,43404335,True
harvey_119d2,Sarah Harvey,Sarah,Harvey,Sarah_Harvey@martin-smith.com,31-03-1960,19600331,58520471,True
ortiz_84be0,Melissa Ortiz,Melissa,Ortiz,Melissa_Ortiz@lee-malone.com,1958-07-29,19580729,49637727,True
hernandez_bcb5b,Brooke Hernandez,Brooke,Hernandez,Brooke_Hernandez@benitez.com,14-11-1991,19911114,97309975,True
livingston_19295,Lisa Livingston,Lisa,Livingston,Lisa_Livingston@glover.com,1950-04-23,19500423,20519415,True
mason_6bc9b,Eugene Mason,Eugene,Mason,Eugene_Mason@gardner.com,1978/12/13,19781213,47810855,True
cunningham_12799,Daniel Cunningham,Daniel,Cunningham,Daniel_Cunningham@cooper.com,1973/03/26,19730326,78657983,True
smith_894dd,Alex Smith,Alex,Smith,Alex_Smith@johnson.com,2002/05/03,20020503,58965703,True
vargas_ed53f,Jessica Vargas,Jessica,Vargas,Jessica_Vargas@miller-price.net,1981-05-17,19810517,48925903,True
clark_92a9e,Olivia Clark,Olivia,Clark,Olivia_Clark@wade-roberson.com,1974/10/01,19741001,67793735,True
carney_0d73a,Cathy Carney,Cathy,Carney,Cathy_Carney@williams.net,1997/05/22,19970522,31104151,True
baldwin_b3439,Haley Baldwin,Haley,Baldwin,Haley_Baldwin@bush-wolfe.com,13-04-1965,19650413,31940631,True
wilson_51998,Alexander Wilson,Alexander,Wilson,Alexander_Wilson@barron-garcia.com,1988-11-11,19881111,13893319,True
cole_2b0a2,April Cole,April,Cole,April_Cole@vargas.com,1961-06-22,19610622,65186503,True
riley_3e1f8,Holly Riley,Holly,Riley,Holly_Riley@stokes.com,1974/07/28,19740728,55620431,True
poole_23f28,Jeffrey Poole,Jeffrey,Poole,Jeffrey_Poole@cross.com,1957-02-04,19570204,82077439,True
poole_c5b79,Rachel Poole,Rachel,Poole,Rachel_Poole@jones.net,08-07-1976,19760708,35095087,True
ward_57d0c,Sheena Ward,Sheena,Ward,Sheena_Ward@wilson-mcbride.com,26-09-1973,19730926,96834175,True
smith_9f8dc,Cynthia Smith,Cynthia,Smith,Cynthia_Smith@smith.com,05-09-1951,19510905,48760255,True
clayton_7f5be,Kevin Clayton,Kevin,Clayton,Kevin_Clayton@miller.com,08-07-1975,19750708,25081071,True
coleman_db259,Sarah Coleman,Sarah,Coleman,Sarah_Coleman@novak.com,1950/01/19,19500119,37411775,True
becker_dd317,Cody Becker,Cody,Becker,Cody_Becker@hansen.com,1960/12/16,19601216,76003567,True
miller_4ae09,Miss Molly Miller,Molly,Miller,Molly_Miller@king-kelly.net,05-11-1977,19771105,99947663,True
bailey_fac5d,Craig Bailey,Craig,Bailey,Craig_Bailey@hancock-brown.com,1997-07-13,19970713,33032303,True
gray_00c0a,Patricia Gray,Patricia,Gray,Patricia_Gray@dawson.com,1966/03/19,19660319,18281751,True
rivera dvm_6a7ce,Robert Rivera DVM,Robert,Rivera DVM,Robert_Rivera@gibson.com,22-07-1950,19500722,35020847,True
lewis_afe1c,Miss Michelle Lewis,Michelle,Lewis,Michelle_Lewis@wiggins-thornton.com,1983-01-21,19830121,64700455,True
owens_4cd37,John Owens,John,Owens,John_Owens@callahan.com,24-04-1967,19670424,71230983,True
smith_313dd,Sarah Smith,Sarah,Smith,Sarah_Smith@kirk.com,1968/08/04,19680804,22702359,True
lucas_94653,Nancy Lucas,Nancy,Lucas,Nancy_Lucas@aguilar.com,06-07-1983,19830706,91477863,True
murray_a46c7,Christina Murray,Christina,Murray,Christina_Murray@collins-day.com,17-12-1979,19791217,35027583,True
berry_c02ad,Emma Berry,Emma,Berry,Emma_Berry@charles.com,1994/01/07,19940107,34612959,True
gross_2742d,Christopher Gross,Christopher,Gross,Christopher_Gross@grimes.net,2003/11/14,20031114,49217831,True
hawkins_8aa4f,Jason Hawkins,Jason,Hawkins,Jason_Hawkins@adams-hunter.com,1954-10-01,19541001,31750255,True
rodriguez_84bf3,Jeffrey Rodriguez,Jeffrey,Rodriguez,Jeffrey_Rodriguez@johnson-white.com,1969-07-18,19690718,29947599,True
miller_84bb3,Christina Miller,Christina,Miller,Christina_Miller@marshall-lucas.com,1953/04/25,19530425,92153503,True
miller_208dd,Maria Miller,Maria,Miller,Maria_Miller@roberts.com,1994/12/21,19941221,86317751,True
davis_3a81f,Eileen Davis,Eileen,Davis,Eileen_Davis@knox.com,04-04-1952,19520404,19544735,True
miller_4e2a7,Harry Miller,Harry,Miller,Harry_Miller@warner-jackson.com,13-06-1989,19890613,63478047,True
montes_29eaa,Ellen Montes,Ellen,Montes,Ellen_Montes@sellers.com,14-07-1961,19610714,16519759,True
mclean_3b78d,Gregory Mclean,Gregory,Mclean,Gregory_Mclean@valencia.com,1961/08/01,19610801,38860951,True
spencer_071ed,Angela Spencer,Angela,Spencer,Angela_Spencer@lopez.com,1998-05-02,19980502,18410783,True
price_fb35b,Christina Price,Christina,Price,Christina_Price@kennedy-tran.com,08-05-1986,19860508,65381695,True
randall_fe7f8,Amber Randall,Amber,Randall,Amber_Randall@boyd-freeman.net,1952-09-10,19520910,60506343,True
morris_f9657,Matthew Morris,Matthew,Morris,Matthew_Morris@boyle-novak.com,11-11-1998,19981111,49822607,True
blackburn_0c5fb,Cindy Blackburn,Cindy,Blackburn,Cindy_Blackburn@bolton.net,2000-10-08,20001008,86098071,True
jacobson_496c2,Matthew Jacobson,Matthew,Jacobson,Matthew_Jacobson@bishop-thomas.com,1951-04-12,19510412,99110191,True
jones_c6f5d,Stacy Jones,Stacy,Jones,Stacy_Jones@perez.com,1994-09-09,19940909,71998399,True
zimmerman_881d6,Scott Zimmerman,Scott,Zimmerman,Scott_Zimmerman@fischer.com,30-01-1956,19560130,70071511,True
silva_fff90,Dakota Silva,Dakota,Silva,Dakota_Silva@barker-miller.com,10-07-1979,19790710,41853599,True
spencer_d5b01,Jacob Spencer MD,Jacob,Spencer,Jacob_Spencer@jefferson.net,26-02-1962,19620226,41992359,True
oliver_94edc,Matthew Oliver,Matthew,Oliver,Matthew_Oliver@mitchell.com,23-04-1972,19720423,14016935,True
maddox_6974f,Roger Maddox,Roger,Maddox,Roger_Maddox@richards.com,1981/04/26,19810426,86988519,True
gutierrez_c61e8,Bryan Gutierrez,Bryan,Gutierrez,Bryan_Gutierrez@short-huerta.net,18-11-1988,19881118,84795039,True
schultz_5fff4,Peter Schultz,Peter,Schultz,Peter_Schultz@shah.com,1957-08-29,19570829,78301895,True
burke_a32e6,Justin Burke,Justin,Burke,Justin_Burke@johnson.com,12-02-1996,19960212,43401655,True
ramsey_4c3e8,Sarah Ramsey,Sarah,Ramsey,Sarah_Ramsey@hayes.com,22-06-1964,19640622,63376279,True
chang_e27c8,Michael Chang,Michael,Chang,Michael_Chang@watkins.com,1990-02-09,19900209,99632783,True
hughes_bf91b,Pamela Hughes,Pamela,Hughes,Pamela_Hughes@rivas-garza.com,1957-01-16,19570116,32117783,True
morris_25892,Jimmy Morris,Jimmy,Morris,Jimmy_Morris@hall-watkins.com,20-01-1964,19640120,31836895,True
romero_e5750,Lauren Romero,Lauren,Romero,Lauren_Romero@davis.com,25-04-2002,20020425,50100783,True
jones_2b07e,Adam Jones,Adam,Jones,Adam_Jones@kline-reeves.com,1957-01-07,19570107,83246639,True
murphy_5dc4e,Matthew Murphy,Matthew,Murphy,Matthew_Murphy@graham.com,1960/02/16,19600216,18189831,True
arroyo_a6982,Jessica Arroyo,Jessica,Arroyo,Jessica_Arroyo@flores-evans.com,2002/10/19,20021019,24971015,True
zuniga_a2d94,Caleb Zuniga,Caleb,Zuniga,Caleb_Zuniga@stone.net,1968/10/28,19681028,36180711,True
moreno_8048c,Cheyenne Moreno,Cheyenne,Moreno,Cheyenne_Moreno@hampton.com,1960/09/12,19600912,61341887,True
lopez_93fe3,Courtney Lopez,Courtney,Lopez,Courtney_Lopez@sanders.com,1971-08-10,19710810,35323391,True
williamson_2b72a,Kenneth Williamson,Kenneth,Williamson,Kenneth_Williamson@perez.com,10-03-1954,19540310,36169599,True
browning_1f631,Bruce Browning,Bruce,Browning,Bruce_Browning@robertson-baldwin.com,1963/11/13,19631113,22984503,True
gilbert_cba39,Shannon Gilbert,Shannon,Gilbert,Shannon_Gilbert@brown-schaefer.com,1992-06-13,19920613,34472903,True
brown_cde99,Amanda Brown,Amanda,Brown,Amanda_Brown@williams.com,18-12-1954,19541218,52400391,True
gomez_010a6,Riley Gomez,Riley,Gomez,Riley_Gomez@hoffman.com,1981/02/11,19810211,20838807,True
price_e8f96,Shelby Price,Shelby,Price,Shelby_Price@fuller.net,1986/08/07,19860807,74350543,True
harris_fc222,Scott Harris,Scott,Harris,Scott_Harris@mullins.com,1990-12-14,19901214,36307567,True
franklin_f8d94,Bonnie Franklin,Bonnie,Franklin,Bonnie_Franklin@gillespie.com,1988-07-14,19880714,22008807,True
morris_73a97,Ashley Morris,Ashley,Morris,Ashley_Morris@marshall.net,2002-10-01,20021001,13085855,True
jensen_676e2,Jack Jensen,Jack,Jensen,Jack_Jensen@kent-williamson.net,1960-12-29,19601229,93571087,True
armstrong_f79a4,Daniel Armstrong,Daniel,Armstrong,Daniel_Armstrong@brown.com,1982/07/14,19820714,18991247,True
donovan_6c619,Susan Donovan,Susan,Donovan,Susan_Donovan@jordan-anderson.com,30-01-1969,19690130,85222335,True
powell_4f74d,Michael Powell,Michael,Powell,Michael_Powell@mccall.com,1994/11/27,19941127,63894311,True
lowe_73be1,Alexander Lowe,Alexander,Lowe,Alexander_Lowe@morris.com,1961/05/08,19610508,93074023,True
